ts;0;1;2;3;4;5;6;7;8;9;10;11;12;13;14;15;D
1586701730832;249;231;249;255;217;247;244;257;212;227;248;269;205;229;249;262;0
1586701730867;232;227;245;251;207;243;239;250;207;223;245;266;202;229;249;262;35
1586701730903;230;226;245;252;209;245;240;250;206;222;244;266;202;230;250;262;35
1586701730939;230;224;243;250;208;246;241;252;207;222;243;265;202;230;250;263;35
1586701730974;231;225;242;249;207;244;241;253;208;223;244;265;201;229;249;263;35
1586701731010;233;227;244;250;206;243;239;252;208;224;245;266;201;229;249;262;35
1586701731046;231;227;245;252;208;244;239;250;207;223;245;266;202;230;249;262;35
1586701731082;229;225;244;252;209;245;240;251;206;222;244;265;202;230;250;262;35
1586701731117;230;224;242;250;208;245;242;253;207;222;243;264;201;229;250;263;35
1586701731153;232;226;243;249;206;243;240;253;208;224;244;265;201;229;249;262;35
1586701731190;232;227;245;251;207;243;239;251;208;224;245;266;202;229;249;262;35
1586701731227;230;226;245;252;208;244;239;250;207;223;244;266;202;230;249;262;35
1586701731260;229;224;243;251;209;246;241;252;207;222;243;265;202;230;250;263;35
1586701731296;231;224;242;249;207;245;241;253;208;223;244;265;201;229;250;263;35
1586701731332;232;226;244;249;206;243;240;252;208;224;245;265;201;229;249;262;35
1586701731368;232;227;245;251;207;243;239;250;207;223;245;266;202;229;249;262;35
1586701731403;230;225;245;252;209;245;240;251;206;222;244;266;202;230;250;262;35
1586701731439;230;224;243;250;208;245;241;252;207;222;243;265;202;230;250;263;35
1586701731474;232;225;243;249;206;244;241;253;208;223;244;265;201;229;249;262;35
1586701731510;232;227;244;250;206;243;239;251;208;223;245;266;202;229;249;262;35
1586701731546;231;227;245;252;208;244;239;250;207;223;245;266;202;230;249;262;35
1586701731581;229;224;244;252;209;246;240;251;207;222;244;265;202;230;250;262;35
1586701731617;230;224;242;249;208;245;241;253;208;222;243;264;201;229;250;262;35
1586701731653;232;226;243;249;206;243;240;253;208;223;244;265;201;229;249;262;35
1586701731689;232;227;245;251;207;243;239;251;207;223;245;266;202;229;249;262;35
1586701731725;230;226;245;252;208;245;240;251;206;222;244;266;202;230;249;262;35
1586701731760;229;224;243;251;209;246;241;252;207;222;243;265;202;230;250;263;35
1586701731796;231;224;242;249;207;245;241;253;208;223;243;264;201;229;249;263;35
1586701731831;233;227;244;249;206;243;240;252;208;224;245;265;202;229;249;262;35
1586701731867;232;227;245;252;207;243;239;250;207;223;245;266;202;229;249;262;35
1586701731903;229;225;244;252;209;245;240;251;206;222;244;265;202;230;250;262;35
1586701731938;230;224;242;250;208;245;242;253;207;222;243;264;202;230;250;263;35
1586701731974;232;225;243;249;206;244;241;253;208;223;244;264;201;229;249;262;35
1586701732010;232;227;245;250;206;243;239;251;208;224;245;266;202;229;249;262;35
1586701732046;231;226;245;252;208;244;239;250;207;223;245;266;202;230;249;262;35
1586701732082;229;224;244;251;209;246;241;251;207;222;243;265;202;230;250;263;35
1586701732117;230;224;242;249;207;245;241;253;208;223;243;264;201;229;249;262;35
1586701732153;232;226;243;249;206;243;240;252;208;223;245;265;201;229;249;262;35
1586701732188;232;227;245;251;207;243;238;251;207;223;245;266;202;229;249;262;35
1586701732224;230;226;245;252;209;245;240;251;206;222;244;266;202;230;250;262;35
1586701732260;229;224;243;251;209;246;241;252;207;222;243;265;202;230;250;263;35
1586701732295;231;225;242;249;207;244;241;253;208;223;244;264;201;229;250;262;35
1586701732331;233;227;244;249;206;243;239;252;208;223;245;266;201;229;249;262;35
1586701732367;231;227;246;252;208;243;238;250;207;223;245;266;202;230;249;262;35
1586701732403;229;225;244;252;209;245;240;251;207;222;244;265;202;230;250;262;35
1586701732439;230;223;242;249;208;245;241;253;207;222;243;264;202;230;250;262;35
1586701732474;232;225;242;248;206;243;240;253;208;223;244;265;201;229;249;262;35
1586701732510;233;227;245;250;207;243;239;251;208;223;245;266;202;229;249;262;35
1586701732545;231;226;245;252;209;244;239;250;206;222;244;266;202;230;249;262;35
1586701732581;230;224;243;251;209;246;241;251;207;222;243;265;202;230;250;263;35
1586701732617;232;224;242;248;207;245;241;253;208;223;243;264;201;229;250;263;35
1586701732652;234;226;243;248;206;243;240;252;208;224;245;265;201;229;249;262;35
1586701732688;234;227;245;250;207;243;239;251;207;223;245;266;202;229;249;262;35
1586701732724;232;225;244;251;209;245;240;251;206;222;244;266;202;230;250;262;35
1586701732760;232;223;242;249;208;245;241;252;207;222;243;265;202;230;250;263;35
1586701732795;234;224;242;248;207;244;241;253;208;223;244;264;201;229;249;263;35
1586701732831;236;226;243;249;206;243;239;252;208;223;245;266;201;229;249;262;35
1586701732867;234;226;244;251;208;243;239;250;207;223;245;266;202;230;249;262;35
1586701732902;233;224;243;250;209;245;240;251;207;222;243;265;202;230;250;262;35
1586701732938;234;223;241;248;208;245;241;253;208;222;243;264;202;230;250;263;35
1586701732974;236;225;242;248;206;244;240;253;208;223;244;265;201;229;249;262;35
1586701733009;236;226;244;249;207;243;239;251;208;224;245;266;202;229;249;261;35
1586701733045;234;225;244;251;208;244;240;251;206;222;245;266;202;230;250;262;35
1586701733081;233;223;242;250;209;246;241;252;207;222;243;265;202;230;250;262;35
1586701733117;235;223;241;248;207;245;241;253;208;223;244;265;201;229;250;263;35
1586701733152;237;225;242;248;206;243;240;252;208;224;245;265;201;229;249;262;35
1586701733188;236;226;244;250;208;243;239;251;207;223;245;266;202;230;249;262;35
1586701733224;234;224;243;250;209;245;240;250;206;222;244;265;202;230;249;262;35
1586701733259;234;223;241;249;208;245;241;252;207;222;243;264;202;229;250;262;35
1586701733295;236;224;241;247;207;244;241;253;208;223;244;265;201;229;249;262;35
1586701733331;237;226;243;248;207;243;239;252;208;224;245;266;202;229;249;262;35
1586701733367;236;225;244;250;208;243;239;251;207;223;245;266;202;230;249;262;35
1586701733403;234;223;242;250;209;245;240;251;207;222;243;265;202;230;250;262;35
1586701733438;235;223;240;248;208;245;242;253;208;223;243;264;202;229;250;262;35
1586701733474;237;225;242;247;206;243;240;253;208;224;244;265;202;229;249;262;35
1586701733509;237;226;243;249;207;243;239;251;208;223;245;266;202;229;249;262;35
1586701733545;235;225;243;250;209;244;240;250;207;222;244;266;202;230;249;262;35
1586701733581;235;223;241;249;209;245;241;252;207;222;243;265;202;230;250;262;35
1586701733617;236;223;241;247;207;244;241;253;208;223;244;265;201;229;250;262;35
1586701733652;238;225;242;248;207;243;240;252;208;224;245;265;201;229;249;262;35
1586701733688;237;225;244;250;208;244;239;250;207;223;245;266;202;230;249;262;35
1586701733724;235;224;242;250;209;245;240;251;207;222;244;266;202;230;250;262;35
1586701733760;235;223;241;248;208;245;242;253;207;222;243;264;202;229;250;263;35
1586701733795;237;224;241;247;207;244;241;253;208;223;244;265;202;229;249;262;35
1586701733831;238;226;243;248;207;243;239;251;208;224;245;266;201;229;249;262;35
1586701733866;236;225;244;250;208;244;239;251;207;222;244;266;202;230;249;261;35
1586701733902;235;223;242;249;209;246;241;251;207;222;243;265;202;230;250;262;35
1586701733938;236;223;240;247;208;245;241;253;208;223;243;264;201;229;249;262;35
1586701733974;238;225;242;247;206;243;240;252;208;224;244;265;201;229;249;262;35
1586701734009;237;226;243;249;207;243;239;251;207;223;245;266;202;229;249;262;35
1586701734045;236;224;243;250;209;244;240;251;206;222;244;266;203;230;250;262;35
1586701734081;235;222;241;249;209;245;241;252;207;222;243;265;202;230;250;262;35
1586701734116;237;223;241;247;207;244;241;253;208;223;244;264;201;229;249;262;35
1586701734152;238;225;242;248;207;243;239;252;208;224;245;265;201;229;249;262;35
1586701734188;237;225;244;250;208;244;239;251;207;223;245;266;202;230;249;262;35
1586701734224;235;223;242;250;209;245;240;251;206;222;243;265;202;230;250;262;35
1586701734259;236;222;240;248;208;245;241;253;208;222;243;264;201;230;250;263;35
1586701734295;237;224;241;247;207;244;240;253;208;223;244;265;201;229;249;262;35
1586701734331;238;226;243;249;207;243;239;251;208;224;245;266;202;229;249;262;35
1586701734366;236;225;243;250;208;244;239;251;207;222;244;266;202;230;249;262;35
1586701734402;235;223;241;249;209;245;241;251;207;221;243;265;202;230;250;262;35
1586701734438;236;223;240;247;208;245;241;253;208;223;244;264;201;229;250;262;35
1586701734473;238;225;242;248;206;243;240;252;208;224;244;265;202;229;249;262;35
1586701734509;237;226;244;249;207;243;239;251;207;223;245;266;202;229;249;261;35
1586701734545;236;224;243;250;209;245;240;251;206;222;244;266;202;230;250;262;35
1586701734580;235;222;241;248;208;245;241;252;207;222;243;265;202;230;250;262;35
1586701734616;237;223;241;247;207;244;241;253;208;223;244;264;201;229;249;262;35
1586701734652;238;225;242;248;207;243;239;252;208;224;245;265;202;229;249;262;35
1586701734688;237;225;243;250;208;244;239;250;207;223;245;266;202;230;249;261;35
1586701734723;235;223;242;250;209;245;240;251;207;222;243;265;202;230;250;262;35
1586701734759;236;223;240;248;208;245;241;253;207;223;244;264;202;229;250;263;35
1586701734795;238;224;241;247;206;244;240;253;208;224;244;265;201;229;249;262;35
1586701734830;238;226;243;249;207;243;239;251;207;224;245;266;202;229;249;261;35
1586701734866;236;224;243;250;208;244;240;251;207;222;244;266;202;230;249;262;35
1586701734902;235;222;241;249;209;245;241;252;207;222;243;265;202;230;250;263;35
1586701734938;237;223;241;247;207;245;241;253;208;223;244;264;201;229;249;262;35
1586701734973;238;225;242;248;206;243;240;252;208;224;244;265;202;229;249;262;35
1586701735009;238;225;244;249;207;243;239;250;207;223;245;266;202;229;249;261;35
1586701735045;236;224;243;250;209;245;240;251;206;222;244;266;202;230;250;262;35
1586701735080;236;222;241;248;208;245;241;253;207;222;243;264;202;230;250;263;35
1586701735116;238;223;241;247;207;244;241;253;208;223;244;265;201;229;249;262;35
1586701735152;238;225;243;248;207;243;239;252;208;224;245;266;202;229;249;262;35
1586701735187;237;225;243;250;208;244;239;250;207;223;244;266;202;230;249;262;35
1586701735223;235;223;242;249;209;245;241;251;206;222;243;265;202;230;250;262;35
1586701735259;236;223;240;247;208;245;241;253;208;223;243;264;201;229;250;263;35
1586701735295;238;224;241;247;206;243;240;253;208;224;244;265;201;229;249;262;35
1586701735330;238;225;243;249;207;243;239;251;207;223;245;266;202;229;249;262;35
1586701735366;236;224;243;250;209;244;239;251;206;222;244;266;202;230;249;262;35
1586701735402;236;222;241;249;209;245;241;252;207;222;243;265;202;230;250;262;35
1586701735437;237;223;240;247;207;244;241;253;208;223;244;264;201;229;250;263;35
1586701735473;239;225;242;248;206;243;240;252;208;224;245;265;202;229;249;262;35
1586701735509;238;225;243;249;208;243;239;251;207;223;245;266;202;229;249;262;35
1586701735544;236;223;242;250;209;245;240;251;206;222;244;266;202;230;250;262;35
1586701735580;236;222;240;248;208;245;241;253;207;222;243;264;202;229;250;263;35
1586701735616;238;224;241;247;207;244;240;253;208;223;244;265;201;229;249;262;35
1586701735651;239;225;243;248;207;243;239;251;208;224;245;266;201;229;249;262;35
1586701735687;237;225;243;250;208;244;239;250;207;222;244;266;202;230;249;262;35
1586701735723;236;223;242;249;209;246;241;251;207;222;243;265;202;230;250;262;35
1586701735759;237;223;240;247;208;245;241;253;208;223;244;264;201;229;250;262;35
1586701735794;239;224;241;247;206;243;240;252;208;224;245;265;201;229;249;262;35
1586701735830;238;225;243;249;207;243;239;251;207;223;245;266;202;229;249;262;35
1586701735866;236;224;243;250;209;245;240;251;206;222;244;266;203;230;249;262;35
1586701735901;236;222;241;248;208;245;241;252;207;222;243;265;202;230;250;263;35
1586701735937;237;223;240;247;207;244;241;253;208;223;243;264;201;229;249;262;35
1586701735973;239;225;242;248;207;243;239;252;208;224;245;265;201;229;249;262;35
1586701736009;238;225;243;250;208;244;239;251;207;223;245;266;202;229;249;261;35
1586701736044;236;223;242;250;209;245;240;251;207;222;244;265;202;230;250;262;35
1586701736080;236;222;240;248;208;245;241;253;207;222;244;264;201;230;250;262;35
1586701736116;238;224;241;247;207;244;240;253;208;224;244;265;201;229;249;262;35
1586701736151;239;225;243;248;207;243;239;251;208;223;245;266;202;229;249;262;35
1586701736188;237;224;243;250;208;244;240;251;207;223;244;266;203;230;249;262;35
1586701736223;236;222;241;249;209;245;241;252;207;222;243;265;202;230;250;262;35
1586701736259;237;223;240;247;208;245;241;253;208;222;243;264;201;229;249;263;35
1586701736294;239;224;241;247;206;243;240;252;208;224;245;265;201;229;249;262;35
1586701736330;238;225;243;249;207;243;239;251;207;223;245;266;202;229;249;262;35
1586701736366;236;224;243;250;209;245;240;251;206;222;244;266;202;230;250;262;35
1586701736401;236;222;241;248;209;245;241;252;207;222;243;265;202;230;250;263;35
1586701736437;238;223;241;247;207;244;241;253;208;223;244;265;201;229;249;262;35
1586701736473;239;225;242;248;207;243;239;252;208;223;245;265;202;229;248;262;35
1586701736508;238;225;243;250;208;244;239;251;207;223;245;266;202;230;249;262;35
1586701736544;236;223;242;249;209;245;240;251;207;222;243;265;202;230;250;262;35
1586701736580;237;222;240;247;208;245;242;253;207;222;243;264;202;229;250;262;35
1586701736616;239;224;241;247;206;243;240;252;208;224;244;264;201;229;249;262;35
1586701736651;239;225;243;248;207;243;239;251;208;223;245;266;202;229;249;261;35
1586701736687;237;224;243;249;208;244;240;251;206;222;244;266;202;230;250;262;35
1586701736723;236;222;241;249;209;245;241;251;207;222;243;265;202;230;250;262;35
1586701736758;238;223;240;247;207;244;241;253;208;223;244;264;201;229;250;263;35
1586701736794;239;224;242;247;206;243;240;252;208;224;245;265;202;229;249;262;35
1586701736830;238;225;243;249;207;243;239;251;207;223;245;266;202;230;249;262;35
1586701736865;236;224;242;250;209;245;240;251;206;222;244;266;202;230;250;262;35
1586701736901;236;222;240;248;208;245;241;252;207;222;243;264;202;230;250;262;35
1586701736937;238;223;241;247;207;244;241;253;208;223;244;264;201;229;249;262;35
1586701736973;239;225;242;248;207;242;239;251;208;224;245;266;202;229;249;262;35
1586701737009;238;225;243;250;208;243;239;251;207;223;245;266;202;229;249;262;35
1586701737044;236;223;242;249;209;245;240;251;207;222;243;265;202;230;250;262;35
1586701737080;237;222;240;247;208;245;241;253;207;223;243;264;201;229;250;263;35
1586701737115;239;224;241;247;206;243;240;253;208;224;244;265;201;229;249;262;35
1586701737151;239;225;243;248;207;243;239;251;207;223;245;266;202;229;249;261;35
1586701737187;237;224;243;250;209;244;240;251;207;222;244;266;203;229;249;262;35
1586701737222;236;222;241;249;209;246;241;252;207;222;243;265;202;230;250;263;35
1586701737258;238;223;240;247;207;245;241;253;208;223;244;265;201;229;249;262;35
1586701737294;239;225;242;247;207;243;240;252;208;224;245;265;201;229;249;262;35
1586701737330;238;225;243;249;208;244;239;251;207;223;245;266;202;230;249;262;35
1586701737365;236;223;242;250;209;245;240;251;206;222;244;266;202;230;250;262;35
1586701737401;237;222;240;248;208;245;241;252;207;222;243;264;202;230;250;263;35
1586701737437;238;223;241;247;207;244;241;253;208;223;244;264;201;229;249;262;35
1586701737472;239;225;242;248;207;243;239;252;208;224;245;266;202;229;249;261;35
1586701737508;237;225;243;250;208;244;240;251;207;223;244;266;202;230;249;262;35
1586701737544;236;223;241;249;209;245;240;251;207;222;243;265;202;230;250;262;35
1586701737580;237;223;240;247;208;245;241;253;208;223;244;264;201;229;250;263;35
1586701737615;239;224;241;247;206;243;240;252;208;224;244;265;201;229;249;262;35
1586701737651;239;225;243;249;207;243;239;251;207;224;245;266;202;229;249;261;35
1586701737687;237;224;243;250;209;245;240;250;206;222;244;266;202;230;250;262;35
1586701737722;236;222;241;248;209;245;241;252;207;222;243;265;202;230;250;262;35
1586701737758;238;223;240;247;207;244;241;253;208;223;244;264;201;229;250;263;35
1586701737794;239;225;242;248;206;243;239;252;208;224;245;265;202;229;249;262;35
1586701737829;238;225;243;249;208;244;239;251;207;223;245;266;202;230;249;262;35
1586701737865;236;223;242;250;209;245;240;251;206;222;244;265;202;230;250;262;35
1586701737901;236;222;240;248;208;245;241;253;207;222;244;264;202;230;250;262;35
1586701737936;238;224;241;247;207;244;240;253;208;223;244;265;201;229;249;262;35
1586701737972;239;225;243;248;207;243;239;252;208;223;245;266;202;229;249;261;35
1586701738008;237;224;243;250;208;244;239;251;206;222;245;266;202;230;249;262;35
1586701738044;236;223;241;249;209;245;241;252;207;222;243;265;202;230;250;262;35
1586701738079;237;223;240;247;208;245;241;253;208;222;244;264;201;229;250;262;35
1586701738115;237;225;242;248;206;243;240;252;208;224;245;265;201;229;249;262;35
1586701738151;236;226;244;250;207;243;239;250;207;223;245;266;202;229;249;261;35
1586701738186;234;225;243;251;209;245;240;251;206;222;244;266;202;230;250;262;35
1586701738222;233;223;242;250;208;246;241;252;207;222;243;264;202;230;250;262;35
1586701738258;232;224;242;248;207;244;241;253;208;223;244;265;201;229;249;262;35
1586701738294;233;227;244;249;206;243;239;252;208;224;245;265;202;229;249;262;35
1586701738329;232;227;245;252;208;244;239;250;207;223;245;266;202;229;249;262;35
1586701738365;230;225;244;252;209;246;241;251;206;222;244;265;202;230;250;262;35
1586701738401;231;224;242;249;208;245;241;253;208;222;243;264;201;230;250;263;35
1586701738436;233;225;243;249;206;243;240;253;208;224;244;265;201;229;249;262;35
1586701738472;233;227;245;250;207;243;239;251;208;223;245;266;202;229;249;262;35
1586701738508;231;226;245;252;208;244;239;251;207;222;244;266;202;230;249;262;35
1586701738544;230;224;243;251;209;246;241;252;207;222;243;265;202;230;250;262;35
1586701738579;231;224;242;249;207;245;241;253;208;223;244;264;202;229;250;263;35
1586701738615;233;226;243;249;206;243;240;252;208;224;245;265;201;229;249;262;35
1586701738651;232;227;245;251;207;243;239;250;207;223;245;266;202;230;249;262;35
1586701738686;230;225;245;252;209;245;240;251;206;222;244;265;202;230;249;262;35
1586701738722;230;224;242;250;208;245;241;252;207;222;243;264;202;230;250;262;35
1586701738758;232;225;243;248;206;244;241;253;208;223;244;265;201;229;249;262;35
1586701738793;233;227;244;250;206;243;239;251;208;224;245;266;201;229;249;262;35
1586701738829;232;227;245;252;208;244;239;250;207;223;245;266;202;230;249;262;35
1586701738865;230;225;244;251;209;246;240;251;206;222;244;265;202;230;250;262;35
1586701738900;231;224;242;249;208;245;242;253;207;222;243;264;201;230;250;263;35
1586701738936;233;226;243;249;206;243;240;253;208;224;244;264;202;229;249;262;35
1586701738972;233;227;245;250;207;243;239;251;208;224;245;266;202;229;249;261;35
1586701739008;231;226;245;252;209;244;239;250;207;222;244;266;202;230;249;262;35
1586701739043;230;224;243;251;209;246;241;252;207;222;243;265;202;230;250;262;35
1586701739079;231;224;242;249;207;245;241;253;208;223;244;264;201;229;249;262;35
1586701739115;233;226;244;249;206;243;239;252;208;223;245;265;202;229;249;262;35
1586701739150;232;227;245;251;207;244;238;250;207;223;245;266;202;229;249;261;35
1586701739187;230;226;245;252;209;247;240;250;207;222;244;266;202;230;250;262;35
1586701739222;231;224;243;250;208;247;241;252;207;222;243;265;202;230;250;263;35
1586701739257;232;225;243;249;206;246;240;252;208;223;244;265;201;229;249;262;35
1586701739293;233;227;244;250;206;246;238;251;208;223;245;266;202;229;249;262;35
1586701739329;232;226;245;252;208;247;239;249;207;223;245;266;202;229;249;262;35
1586701739365;230;225;244;251;208;249;240;250;207;222;244;265;202;230;250;262;35
1586701739400;231;225;243;250;207;249;241;252;207;223;244;265;201;229;250;262;35
1586701739436;232;226;244;250;205;247;239;251;208;224;244;265;202;229;249;262;35
1586701739472;232;227;245;251;206;247;238;249;208;223;245;266;202;229;249;262;35
1586701739508;231;226;245;252;208;249;239;249;207;222;244;266;202;230;250;262;35
1586701739543;230;225;244;251;208;250;240;251;207;222;244;265;202;230;250;263;35
1586701739579;231;225;243;250;206;249;240;252;208;223;244;265;201;229;249;263;35
1586701739615;232;226;244;250;206;247;239;251;208;223;245;265;202;229;249;262;35
1586701739650;232;227;245;251;207;248;238;249;207;223;245;266;202;229;249;262;35
1586701739686;231;225;245;252;208;250;239;250;207;222;244;266;202;230;250;262;35
1586701739722;231;225;243;250;207;250;240;251;207;223;244;265;202;230;250;263;35
1586701739757;232;225;243;250;206;248;240;251;208;223;244;265;201;229;249;263;35
1586701739793;232;227;244;250;206;248;238;250;208;224;245;266;202;229;249;262;35
1586701739829;231;226;245;252;207;248;239;249;207;223;245;266;202;230;249;262;35
1586701739865;230;225;244;251;208;250;239;250;207;222;244;265;202;230;250;262;35
1586701739900;231;225;243;250;206;249;240;252;207;223;244;265;201;229;250;263;35
1586701739936;232;226;244;250;205;248;239;251;208;223;244;265;201;229;249;262;35
1586701739972;232;227;245;251;206;248;238;249;208;223;245;266;202;229;249;261;35
1586701740008;231;226;245;252;208;249;239;249;207;222;244;266;202;229;250;262;35
1586701740043;231;225;244;251;207;250;240;251;207;223;244;265;202;230;250;263;35
1586701740079;232;225;243;250;206;249;240;251;208;223;244;265;201;229;250;262;35
1586701740115;232;226;244;250;205;248;239;250;208;223;245;266;202;229;249;262;35
1586701740150;232;227;245;251;207;248;238;249;207;223;245;266;202;230;249;261;35
1586701740186;231;225;244;251;208;250;239;250;207;222;244;265;202;230;250;262;35
1586701740222;231;225;243;250;207;250;241;251;207;222;243;265;201;230;250;262;35
1586701740257;232;225;243;250;205;248;239;251;208;223;244;265;201;229;249;262;35
1586701740293;232;227;244;250;206;248;238;250;208;224;245;266;202;229;249;262;35
1586701740329;231;226;245;251;207;249;239;249;207;223;245;266;202;230;249;262;35
1586701740365;230;225;244;251;208;250;240;250;207;222;243;265;202;230;250;262;35
1586701740400;231;225;243;250;206;249;240;252;208;223;244;265;201;229;250;263;35
1586701740436;232;226;244;250;205;248;239;251;208;224;245;265;201;229;249;262;35
1586701740471;232;226;245;251;206;248;238;249;208;223;244;266;202;229;249;261;35
1586701740507;231;226;245;252;208;249;239;249;207;222;244;266;202;230;249;262;35
1586701740543;231;225;243;250;207;250;240;251;207;222;244;265;202;230;250;263;35
1586701740579;232;225;243;250;206;249;240;252;208;223;244;265;201;229;249;263;35
1586701740614;232;226;244;250;205;248;238;250;208;224;245;265;202;229;249;262;35
1586701740650;232;226;245;251;207;248;238;249;207;223;244;266;202;229;249;262;35
1586701740686;231;225;244;251;208;250;239;250;207;222;244;266;202;230;249;262;35
1586701740721;231;225;243;250;207;250;240;251;208;222;244;265;202;230;250;262;35
1586701740757;232;226;243;250;206;248;239;251;208;224;244;265;201;229;249;262;35
1586701740793;232;227;245;251;206;248;238;250;208;224;245;266;202;229;249;262;35
1586701740828;231;226;245;252;207;249;239;249;207;223;245;266;202;230;250;262;35
1586701740864;230;225;244;251;208;250;240;250;207;222;244;265;202;230;250;263;35
1586701740900;231;225;243;250;206;249;240;252;208;222;244;265;201;229;250;262;35
1586701740936;232;226;244;250;205;248;239;251;208;223;244;265;201;229;249;262;35
1586701740971;232;227;245;251;206;248;238;249;207;223;245;266;202;229;249;262;35
1586701741008;231;226;244;252;208;250;239;249;207;222;244;266;203;230;250;262;35
1586701741043;231;225;243;250;207;250;240;251;207;222;244;265;202;230;250;263;35
1586701741078;232;225;243;250;206;249;240;251;208;223;244;264;201;229;250;262;35
1586701741114;232;227;244;250;206;248;238;250;208;224;244;265;202;229;249;262;35
1586701741150;232;226;245;251;207;249;238;249;207;223;245;266;202;230;249;262;35
1586701741185;230;225;244;251;208;250;240;250;207;222;244;266;202;230;250;262;35
1586701741221;231;225;243;250;207;250;240;252;208;222;244;265;201;229;250;263;35
1586701741257;232;226;244;249;205;248;239;251;208;223;244;265;201;229;249;262;35
1586701741293;232;227;244;250;206;248;238;249;208;224;245;266;202;229;249;262;35
1586701741328;231;226;245;251;207;249;239;249;207;223;244;266;202;230;250;262;35
1586701741364;230;225;244;251;207;250;240;250;207;223;244;265;202;230;250;262;35
1586701741400;231;225;243;249;206;249;240;252;208;223;244;265;201;229;250;263;35
1586701741435;232;226;244;250;205;248;239;250;208;224;244;265;202;229;249;262;35
1586701741471;232;227;245;251;207;248;238;249;207;223;245;266;202;229;249;262;35
1586701741507;231;226;244;251;208;250;239;250;207;223;244;266;202;230;250;262;35
1586701741543;231;225;243;250;207;250;240;251;208;222;244;265;202;229;250;262;35
1586701741578;232;225;243;250;205;249;240;251;208;223;244;265;201;229;250;262;35
1586701741614;232;227;244;250;206;248;238;250;208;223;245;266;202;229;249;262;35
1586701741650;231;226;245;251;207;249;238;249;207;223;245;266;202;230;249;262;35
1586701741685;230;225;244;251;208;251;240;250;207;223;244;265;202;230;250;263;35
1586701741721;231;225;243;250;207;250;240;252;208;223;244;265;201;229;250;263;35
1586701741756;232;226;244;250;205;248;239;251;208;224;244;265;201;229;249;262;35
1586701741793;232;227;245;251;206;248;238;249;208;223;245;266;202;230;249;262;35
1586701741828;231;226;245;251;207;250;239;249;207;223;244;266;202;230;250;262;35
1586701741864;230;225;244;251;207;251;240;251;207;223;244;265;202;230;250;263;35
1586701741899;231;225;243;250;206;250;240;251;208;223;244;265;201;229;250;263;35
1586701741935;232;226;244;250;205;248;238;250;208;224;245;265;202;229;249;262;35
1586701741971;232;226;245;251;207;249;238;249;207;223;245;266;202;229;249;262;35
1586701742007;231;225;244;251;208;250;239;250;207;222;244;266;202;230;250;262;35
1586701742042;231;225;243;250;207;251;240;251;207;223;244;265;202;230;250;263;35
1586701742078;232;225;243;250;205;249;239;251;208;223;244;265;201;229;249;262;35
1586701742114;232;227;245;250;206;248;238;250;208;224;245;266;202;229;249;262;35
1586701742149;231;226;245;251;207;249;238;249;207;223;244;266;202;229;249;262;35
1586701742185;231;225;244;251;208;251;240;250;207;222;244;265;202;229;250;263;35
1586701742221;231;225;243;250;206;250;240;252;208;223;244;265;201;230;250;263;35
1586701742257;232;226;244;250;205;248;239;251;208;224;245;265;202;229;249;262;35
1586701742292;232;226;245;251;206;249;238;249;208;223;245;266;202;229;249;262;35
1586701742328;231;226;244;251;208;250;239;249;207;222;244;266;202;229;250;262;35
1586701742364;230;225;243;251;207;251;240;251;208;222;244;265;202;230;250;263;35
1586701742399;232;225;243;250;206;249;240;252;208;223;244;265;201;229;250;263;35
1586701742435;232;226;244;250;205;248;238;250;208;223;245;265;202;229;249;262;35
1586701742471;232;227;245;251;207;249;238;249;207;223;245;266;202;229;249;262;35
1586701742507;230;225;244;251;208;250;239;249;207;222;244;266;202;230;250;262;35
1586701742542;231;225;243;250;207;250;240;251;208;223;244;265;202;230;250;263;35
1586701742578;232;226;244;250;205;249;239;251;208;224;244;265;201;229;249;262;35
1586701742614;232;227;245;251;206;248;238;249;208;224;245;266;202;229;249;262;35
1586701742649;231;226;245;251;207;250;238;249;207;223;244;266;202;230;249;262;35
1586701742685;230;225;244;251;207;251;240;250;208;222;244;265;203;230;250;263;35
1586701742721;231;225;243;250;206;250;240;252;208;223;244;265;201;229;249;263;35
1586701742756;232;226;244;250;205;248;239;251;208;224;245;266;202;229;249;262;35
1586701742792;232;226;245;251;206;249;238;249;207;223;245;266;202;230;249;262;35
1586701742828;231;226;245;252;208;250;239;249;207;223;244;266;203;230;250;262;35
1586701742863;231;225;243;251;207;251;240;251;207;223;244;265;202;230;250;263;35
1586701742899;232;225;243;249;206;249;240;251;208;223;244;265;201;229;249;262;35
1586701742935;232;226;244;250;205;248;238;250;208;224;245;266;202;229;249;262;35
1586701742971;232;227;245;251;207;249;238;249;207;223;245;266;202;230;250;261;35
1586701743006;230;225;244;252;208;251;239;250;207;222;244;265;202;230;250;262;35
1586701743042;231;225;243;250;206;250;240;251;208;223;244;265;202;229;250;262;35
1586701743078;232;226;243;250;205;249;239;251;208;224;244;265;202;229;249;262;35
1586701743113;232;227;245;251;206;249;238;249;208;224;245;266;202;229;249;262;35
1586701743149;231;226;245;252;207;250;239;249;207;223;244;266;202;230;250;262;35
1586701743185;230;225;244;251;207;251;240;250;208;222;244;265;202;230;250;263;35
1586701743221;231;225;243;250;206;250;240;251;208;223;244;265;202;229;250;262;35
1586701743256;232;226;244;250;206;248;238;251;208;223;245;265;202;229;249;262;35
1586701743292;232;227;245;251;206;249;238;249;207;223;245;266;202;230;249;262;35
1586701743328;231;226;244;252;208;251;239;249;207;223;244;266;202;230;250;262;35
1586701743363;231;225;243;250;207;251;240;251;208;223;244;265;202;230;250;262;35
1586701743399;232;225;243;250;205;249;239;251;208;223;244;265;201;229;249;262;35
1586701743435;232;227;244;250;206;249;238;250;208;224;245;266;202;229;249;262;35
1586701743470;232;226;245;252;207;249;238;249;207;223;245;266;202;230;250;262;35
1586701743506;230;225;244;251;207;251;240;250;207;222;244;265;202;230;250;262;35
1586701743542;231;225;243;250;206;250;240;251;208;223;244;265;201;229;250;263;35
1586701743578;232;226;243;249;205;249;239;251;208;224;244;265;201;229;249;262;35
1586701743613;232;227;245;251;206;249;238;249;208;224;245;266;202;230;249;262;35
1586701743649;231;226;245;252;207;250;239;249;207;223;244;266;203;230;250;262;35
1586701743685;230;225;243;251;207;251;240;251;208;222;243;265;202;230;250;262;35
1586701743720;231;225;243;249;206;250;240;251;208;223;244;265;201;229;250;263;35
1586701743756;232;226;244;250;205;248;238;250;208;224;244;266;202;229;249;262;35
1586701743792;232;227;245;251;207;249;238;249;208;223;244;266;202;230;249;262;35
1586701743827;231;226;245;252;208;251;239;250;207;223;244;266;202;230;250;262;35
1586701743863;231;225;243;251;207;251;240;251;207;223;244;265;202;230;250;263;35
1586701743899;232;226;243;250;205;249;239;251;208;224;244;265;202;229;250;262;35
1586701743935;232;227;244;251;206;248;238;250;208;224;245;266;202;229;249;262;35
1586701743970;231;226;245;252;207;250;238;249;207;223;244;266;202;229;249;262;35
1586701744006;230;225;244;251;207;251;240;250;207;223;244;265;202;230;250;263;35
1586701744041;231;225;243;250;206;250;240;251;208;222;244;265;202;230;250;262;35
1586701744077;232;226;244;250;205;249;239;251;208;223;244;265;202;229;249;262;35
1586701744113;232;227;245;251;206;249;238;249;207;224;245;266;202;229;249;262;35
1586701744149;231;226;245;251;208;250;239;249;207;223;244;266;202;230;249;262;35
1586701744185;230;225;243;251;207;251;240;250;208;223;244;265;202;230;250;263;35
1586701744221;231;225;243;250;206;250;240;251;208;223;244;265;201;229;250;262;35
1586701744256;232;226;244;250;205;248;238;250;208;224;245;266;201;229;249;262;35
1586701744292;232;227;245;251;207;249;238;249;207;223;245;266;202;230;249;262;35
1586701744327;230;225;244;251;208;251;239;250;207;222;244;266;202;230;250;262;35
1586701744363;231;225;243;250;207;251;240;251;207;223;244;265;202;230;250;263;35
1586701744399;232;226;243;250;205;249;239;251;208;224;244;265;201;229;249;262;35
1586701744435;232;227;245;251;206;249;237;250;208;224;245;265;202;229;249;262;35
1586701744470;231;226;245;251;207;250;238;249;207;223;245;266;202;230;250;262;35
1586701744506;230;225;244;251;208;251;240;250;207;223;244;265;202;230;250;262;35
1586701744542;231;225;243;250;206;250;240;252;208;223;244;265;202;230;250;263;35
1586701744577;232;226;244;250;205;249;238;251;208;224;245;265;202;229;249;262;35
1586701744613;232;227;245;251;206;249;238;249;208;223;245;266;202;230;249;262;35
1586701744649;231;226;244;251;208;250;239;249;207;222;244;266;202;230;250;262;35
1586701744684;230;225;243;251;207;251;240;251;207;222;244;265;202;230;250;263;35
1586701744720;231;225;243;250;205;249;240;251;208;223;244;265;201;229;249;263;35
1586701744756;232;227;244;250;205;248;238;250;208;224;245;266;202;229;249;262;35
1586701744792;232;226;245;252;207;249;238;249;207;223;245;266;202;230;249;262;35
1586701744827;230;225;244;252;208;250;239;250;207;222;244;265;202;230;250;262;35
1586701744863;231;225;243;250;207;250;240;251;208;223;244;265;202;230;250;263;35
1586701744899;232;226;243;249;205;248;239;251;208;224;245;265;201;229;249;262;35
1586701744934;232;227;245;251;206;248;238;250;208;224;244;266;202;229;249;262;35
1586701744970;231;226;245;252;207;249;238;249;207;223;244;266;202;230;250;262;35
1586701745006;230;225;243;251;207;250;240;251;207;222;244;265;202;230;250;262;35
1586701745041;231;225;243;249;206;249;240;252;208;223;244;265;201;229;250;262;35
1586701745077;232;226;244;250;205;246;239;251;208;224;245;265;201;229;249;262;35
1586701745113;232;227;245;251;207;245;239;250;207;223;245;266;202;230;249;262;35
1586701745148;230;225;244;252;209;246;240;251;206;222;244;266;202;230;250;262;35
1586701745184;230;224;242;250;208;246;241;252;207;222;243;264;202;229;250;262;35
1586701745220;232;225;243;249;206;245;240;253;208;223;244;264;201;229;249;262;35
1586701745256;232;227;244;250;206;244;239;251;208;224;245;266;202;229;249;262;35
1586701745291;231;227;245;252;208;245;239;250;207;222;245;266;202;229;249;262;35
1586701745327;230;225;244;252;209;246;241;251;207;222;243;265;202;230;250;262;35
1586701745363;231;224;242;249;207;246;241;253;208;223;244;264;201;229;250;262;35
1586701745398;232;226;243;249;206;244;240;252;208;224;244;265;201;229;249;262;35
1586701745434;232;227;245;251;207;244;239;251;207;223;245;266;202;229;249;262;35
1586701745470;230;226;245;252;208;245;239;251;206;222;244;266;202;230;250;262;35
1586701745506;230;224;243;251;208;246;241;252;207;222;243;265;202;230;250;262;35
1586701745541;231;225;242;249;207;245;241;253;208;223;244;265;201;229;249;263;35
1586701745577;233;227;244;250;206;243;239;252;208;224;244;265;201;229;249;262;35
1586701745613;232;227;245;252;207;244;239;250;207;223;245;266;202;229;249;262;35
1586701745648;230;225;244;252;209;246;240;251;206;222;244;265;202;230;250;262;35
1586701745684;230;224;243;250;208;246;242;252;208;222;243;264;202;230;250;263;35
1586701745720;232;225;243;249;206;244;240;253;208;223;244;265;201;229;249;262;35
1586701745755;233;227;244;250;207;243;239;251;208;224;245;266;202;229;249;261;35
1586701745791;231;226;245;252;208;245;239;250;206;222;244;266;202;230;249;262;35
1586701745827;230;224;243;251;209;246;241;251;206;222;243;265;202;230;250;262;35
1586701745863;231;224;242;249;207;245;241;253;208;223;244;264;201;229;250;263;35
1586701745898;232;226;243;249;206;243;240;252;208;224;245;265;202;229;249;262;35
1586701745934;232;227;245;251;207;244;239;250;207;223;246;266;202;230;249;262;35
1586701745970;230;226;245;252;209;245;240;250;206;222;245;265;202;230;250;262;35
1586701746005;230;224;243;251;208;246;241;252;206;222;245;264;202;230;250;262;35
1586701746041;232;225;243;249;207;245;241;253;208;223;246;264;202;229;250;262;35
1586701746077;233;227;244;250;207;243;239;252;207;223;248;265;202;229;249;262;35
1586701746113;232;227;245;252;208;244;239;250;206;222;248;265;202;230;249;262;35
1586701746148;230;225;244;252;209;246;240;251;206;221;247;264;202;230;250;262;35
1586701746184;230;224;242;250;208;246;241;252;207;222;247;263;202;230;250;263;35
1586701746220;232;226;243;249;207;244;240;253;207;222;249;264;202;229;249;262;35
1586701746255;233;227;245;250;207;244;239;251;207;222;249;265;202;230;249;262;35
1586701746291;231;226;245;252;208;245;240;251;205;221;248;265;202;230;250;262;35
1586701746326;230;224;243;251;208;246;241;252;206;221;248;264;202;230;250;263;35
1586701746362;231;224;242;249;207;245;241;253;207;222;248;263;202;230;250;262;35
1586701746398;233;226;243;249;207;244;240;252;207;223;250;264;202;229;249;262;35
1586701746434;232;227;245;251;207;244;239;251;206;222;250;265;202;230;249;262;35
1586701746470;230;225;245;252;209;245;240;251;205;221;249;264;202;230;250;262;35
1586701746505;230;224;242;250;208;246;241;252;206;221;248;263;202;230;250;263;35
1586701746541;232;225;243;249;207;245;241;253;207;222;249;263;202;229;249;262;35
1586701746577;233;227;244;250;207;243;240;252;207;222;250;265;202;230;249;262;35
1586701746612;231;227;245;252;208;244;240;251;206;221;250;265;202;230;250;262;35
1586701746648;229;225;244;252;209;245;240;251;205;220;248;264;202;230;250;262;35
1586701746686;230;224;242;250;208;245;241;253;207;221;249;263;202;230;250;263;35
1586701746719;232;226;243;249;207;244;240;253;207;222;250;263;202;229;250;262;35
1586701746755;232;227;245;251;207;244;239;251;206;222;250;265;202;230;250;262;35
1586701746791;231;226;245;252;208;245;240;251;205;221;249;265;202;230;250;262;35
1586701746827;230;224;243;251;208;245;241;252;206;221;248;263;202;230;250;262;35
1586701746862;231;224;242;249;207;245;241;253;207;222;249;263;202;230;250;262;35
1586701746899;233;226;244;249;207;244;240;252;207;223;250;264;202;230;249;262;35
1586701746934;232;227;245;252;207;244;240;251;206;222;250;265;202;230;250;262;35
1586701746969;230;225;245;252;209;245;240;251;205;221;249;264;202;230;250;262;35
1586701747005;230;224;242;250;208;246;241;252;206;221;248;263;202;230;250;262;35
1586701747041;232;225;243;249;207;245;241;253;207;222;249;263;202;230;250;263;35
1586701747077;233;227;244;250;207;244;240;252;207;222;250;264;202;229;249;262;35
1586701747112;231;227;245;252;208;245;240;251;205;221;250;265;202;230;250;262;35
1586701747148;230;224;244;251;209;246;241;251;205;221;248;264;202;230;250;262;35
1586701747184;230;224;242;249;208;245;241;252;207;221;248;263;202;230;250;263;35
1586701747219;232;226;243;249;207;244;240;252;207;222;250;263;202;229;250;262;35
1586701747255;233;227;245;251;207;244;239;251;206;222;250;265;202;230;249;262;35
1586701747291;230;226;245;252;208;245;240;251;205;221;249;264;202;230;250;262;35
1586701747326;230;224;243;251;208;246;241;252;206;221;248;263;202;230;250;262;35
1586701747362;231;225;242;249;207;245;241;253;207;222;249;263;202;230;250;263;35
1586701747398;233;227;244;249;207;244;240;252;207;223;250;264;202;229;250;262;35
1586701747433;232;227;245;252;208;244;240;251;206;222;249;264;202;230;250;262;35
1586701747469;230;225;244;252;209;245;240;251;205;220;248;264;202;230;250;262;35
1586701747505;230;224;242;250;208;246;241;253;207;221;248;263;202;230;250;262;35
1586701747541;232;225;243;248;207;244;241;253;207;222;249;264;202;230;250;262;35
1586701747576;233;227;245;250;207;244;239;251;207;223;250;265;202;230;250;262;35
1586701747612;231;226;245;252;208;244;240;251;205;221;249;265;202;230;250;262;35
1586701747647;229;224;244;251;209;246;241;252;206;221;248;264;202;230;250;262;35
1586701747683;231;224;242;249;208;245;241;252;207;221;249;263;202;229;250;262;35
1586701747719;232;226;243;249;206;244;240;252;207;222;250;264;202;230;249;262;35
1586701747755;232;227;245;251;207;244;239;251;206;222;250;265;202;230;250;262;35
1586701747790;230;226;245;252;208;245;240;251;205;221;249;264;202;230;250;262;35
1586701747826;230;224;243;251;208;246;241;252;206;221;248;263;202;230;250;262;35
1586701747862;231;225;242;249;207;245;241;253;207;222;249;263;202;229;250;263;35
1586701747898;233;227;244;249;207;243;240;252;207;222;250;264;202;229;250;262;35
1586701747933;232;227;245;252;208;244;239;251;206;222;250;265;202;230;250;262;35
1586701747969;229;225;244;252;209;245;240;251;206;221;248;264;202;230;250;262;35
1586701748005;230;224;242;250;208;246;241;253;206;221;248;262;202;230;250;263;35
1586701748041;232;225;243;249;207;244;241;253;207;222;249;263;202;229;250;262;35
1586701748076;233;227;245;250;207;244;239;251;206;222;250;265;202;230;250;262;35
1586701748112;231;226;245;252;208;244;240;251;205;221;249;265;202;230;250;262;35
1586701748148;229;224;243;251;209;246;241;252;206;221;248;263;202;230;250;262;35
1586701748183;231;224;242;249;208;245;241;253;207;222;249;263;202;230;250;263;35
1586701748219;233;226;244;249;206;244;240;252;207;222;250;264;202;230;250;262;35
1586701748255;232;227;245;251;208;244;239;251;206;222;250;264;202;230;250;262;35
1586701748290;230;226;245;252;209;245;240;251;205;221;249;264;202;230;250;262;35
1586701748326;230;224;243;250;208;246;241;252;206;221;248;263;202;230;250;262;35
1586701748362;232;225;242;249;207;245;241;253;207;222;249;263;202;230;250;262;35
1586701748398;233;227;244;250;206;244;239;252;207;222;250;265;202;229;250;262;35
1586701748433;231;227;245;252;208;244;240;250;205;221;250;265;202;230;250;262;35
1586701748469;230;225;244;252;209;246;240;251;205;221;248;264;203;230;250;262;35
1586701748505;230;224;242;250;208;245;241;253;207;221;248;263;202;230;250;262;35
1586701748540;232;226;243;249;206;244;240;253;207;222;249;264;202;229;250;262;35
1586701748576;232;227;245;250;207;243;239;251;206;222;250;265;202;230;250;262;35
1586701748612;230;226;245;252;208;245;239;251;205;221;249;265;202;230;250;262;35
1586701748647;230;224;243;251;208;246;241;252;206;221;248;263;202;230;250;263;35
1586701748683;231;224;242;249;207;245;241;253;207;222;249;263;202;230;250;262;35
1586701748719;233;226;244;249;206;244;240;252;207;222;250;264;202;229;249;262;35
1586701748755;232;227;245;252;208;243;239;251;206;222;250;265;202;230;250;262;35
1586701748790;230;225;245;252;209;245;240;251;205;221;249;264;202;230;250;262;35
1586701748826;230;224;243;250;208;246;241;252;206;221;248;263;202;230;250;263;35
1586701748862;232;225;243;249;207;244;241;253;207;222;249;263;202;229;250;262;35
1586701748897;233;227;245;250;206;244;239;252;207;222;250;264;202;230;250;262;35
1586701748933;231;227;245;252;208;244;239;251;205;221;249;265;202;230;250;262;35
1586701748969;229;225;244;252;209;245;240;251;205;221;248;263;202;230;250;262;35
1586701749004;230;224;242;249;208;245;241;253;206;221;249;263;202;230;250;262;35
1586701749040;232;226;243;249;206;244;240;252;207;222;249;264;202;229;250;262;35
1586701749076;233;227;245;251;208;244;239;251;206;222;250;265;202;230;250;262;35
1586701749112;230;226;245;252;209;245;240;250;205;221;249;264;202;230;250;262;35
1586701749147;230;224;243;251;209;246;241;252;206;221;248;263;202;230;250;262;35
1586701749183;231;225;242;249;207;245;241;253;207;222;249;263;202;229;250;263;35
1586701749219;233;227;244;250;206;244;240;252;207;222;250;264;202;230;250;262;35
1586701749254;232;227;245;252;208;244;239;251;206;221;250;265;202;230;250;262;35
1586701749290;230;225;244;252;209;245;240;251;205;220;249;264;202;230;250;262;35
1586701749326;230;224;242;250;208;246;241;252;206;221;249;263;202;230;250;262;35
1586701749361;232;225;243;249;207;244;240;253;207;222;249;263;202;230;250;262;35
1586701749397;233;227;245;250;207;244;239;251;207;222;250;265;202;230;249;262;35
1586701749433;231;227;245;252;208;244;240;251;205;221;250;265;202;230;249;262;35
1586701749469;230;224;244;251;209;246;241;251;206;220;248;263;202;230;250;262;35
1586701749504;231;224;242;249;208;245;241;253;207;222;249;263;202;229;250;262;35
1586701749540;233;226;243;249;206;244;240;252;207;223;250;264;202;230;250;262;35
1586701749575;232;227;245;251;207;244;239;251;206;222;250;265;202;230;249;262;35
1586701749611;230;226;245;252;209;245;239;251;205;221;249;264;202;230;250;262;35
1586701749647;230;224;243;251;208;246;241;252;206;221;249;263;202;230;250;262;35
1586701749683;231;225;242;248;207;245;241;253;207;222;249;263;202;230;250;263;35
1586701749718;233;227;244;249;206;244;240;252;207;222;250;264;202;230;250;262;35
1586701749754;232;227;246;252;208;244;239;251;206;221;250;265;202;230;250;262;35
1586701749790;229;225;244;252;209;246;240;251;206;220;249;264;202;230;250;262;35
1586701749826;230;224;242;250;208;246;241;252;206;221;249;263;202;230;250;263;35
1586701749861;232;225;243;249;207;244;240;252;207;222;250;263;202;229;249;262;35
1586701749897;233;227;245;250;207;244;239;251;206;222;251;265;202;230;250;262;35
1586701749933;231;226;245;252;208;245;240;251;205;221;250;264;202;230;250;262;35
1586701749968;229;224;243;251;209;246;241;252;206;220;249;263;202;230;250;263;35
1586701750004;231;224;242;249;208;245;241;253;207;222;249;263;202;230;250;262;35
1586701750040;233;226;244;249;207;244;240;252;207;222;250;264;202;230;249;262;35
1586701750076;232;227;245;251;207;244;239;251;206;222;250;265;202;230;250;262;35
1586701750111;230;225;245;252;209;245;240;251;205;221;249;264;202;230;250;262;35
1586701750148;230;224;243;250;208;246;241;252;206;221;248;263;202;230;250;263;35
1586701750183;232;225;243;248;207;244;241;253;207;222;250;263;202;229;250;262;35
1586701750218;233;227;244;250;207;244;240;252;207;222;250;264;202;229;249;262;35
1586701750254;231;227;245;252;208;244;240;251;205;221;250;265;202;230;250;262;35
1586701750290;229;225;244;252;209;245;240;251;205;220;249;264;202;230;250;262;35
1586701750325;230;224;242;250;208;245;241;253;206;221;249;263;202;230;250;262;35
1586701750361;232;226;243;249;207;244;240;253;207;222;250;263;202;229;250;262;35
1586701750397;233;227;245;251;207;244;239;251;206;222;251;265;202;229;249;262;35
1586701750433;231;226;245;252;208;245;240;251;205;221;249;265;202;230;250;262;35
1586701750468;230;224;243;251;208;246;241;252;206;220;248;263;202;230;250;263;35
1586701750504;231;224;242;249;207;245;241;253;207;221;249;263;202;230;249;262;35
1586701750540;233;227;244;249;207;244;240;252;207;222;250;264;202;229;249;262;35
1586701750575;232;227;246;251;208;244;239;251;206;222;250;264;202;230;250;262;35
1586701750611;230;225;245;252;209;245;240;251;205;221;249;264;202;230;250;262;35
1586701750647;230;224;242;250;208;246;241;252;206;221;249;263;202;230;250;263;35
1586701750682;232;225;243;249;207;244;241;253;207;222;250;263;202;229;250;263;35
1586701750718;233;227;245;250;207;244;239;252;207;222;251;264;202;229;249;262;35
1586701750754;231;227;245;252;208;244;239;251;205;221;250;264;203;230;250;262;35
1586701750790;229;224;244;251;208;246;241;252;205;221;248;263;202;230;250;262;35
1586701750825;230;224;242;250;208;245;241;253;206;221;249;262;202;230;250;262;35
1586701750861;232;226;243;249;207;244;240;253;207;222;250;264;202;230;250;262;35
1586701750897;232;227;245;251;207;244;239;251;206;222;250;265;202;230;250;262;35
1586701750932;230;226;245;252;209;245;240;251;205;221;249;264;202;230;250;262;35
1586701750968;230;224;243;251;208;246;241;252;206;221;249;263;202;230;250;263;35
1586701751004;231;225;242;249;207;245;241;253;207;222;249;263;202;230;250;263;35
1586701751040;233;227;244;250;207;244;240;252;207;222;250;264;202;230;249;262;35
1586701751075;232;227;246;252;208;244;239;251;206;222;250;264;202;230;250;262;35
1586701751111;230;225;244;252;209;245;240;251;205;221;249;264;202;230;250;262;35
1586701751147;230;224;242;250;208;245;241;253;206;221;249;263;202;230;250;262;35
1586701751182;232;225;243;249;207;244;241;253;207;222;250;263;202;229;250;262;35
1586701751218;233;227;245;250;207;244;240;252;206;222;251;265;202;230;249;262;35
1586701751253;231;226;245;252;208;244;240;251;205;221;250;265;202;230;250;262;35
1586701751289;229;224;243;251;209;246;241;252;205;221;249;263;202;230;250;262;35
1586701751325;231;224;242;249;208;245;241;253;206;221;249;263;202;230;250;263;35
1586701751361;233;226;243;249;207;244;240;252;207;222;250;264;202;230;250;262;35
1586701751396;232;227;245;251;207;244;240;251;206;222;251;265;202;230;250;262;35
1586701751432;230;226;245;252;209;245;240;251;205;221;249;264;202;230;250;262;35
1586701751468;230;224;243;251;208;246;241;252;206;221;249;263;202;230;250;262;35
1586701751504;232;225;243;249;207;245;241;253;207;222;249;263;202;230;250;262;35
1586701751540;233;227;244;250;207;244;240;252;207;223;249;265;202;230;250;262;35
1586701751575;231;227;245;252;208;244;239;251;206;222;248;265;202;230;250;262;35
1586701751611;230;225;244;252;209;246;240;251;206;221;246;265;202;230;250;262;35
1586701751646;230;224;242;250;208;245;242;253;207;222;245;264;202;230;250;263;35
1586701751685;232;226;243;249;206;244;240;253;208;223;245;265;201;229;250;262;35
1586701751725;233;227;245;250;207;243;239;251;207;223;246;266;202;230;249;262;35
1586701751754;231;226;245;252;208;244;240;251;207;222;245;266;202;230;250;262;35
1586701751789;229;224;243;251;209;246;241;252;207;222;244;265;202;230;250;263;35
1586701751825;231;224;242;249;207;245;241;253;208;223;244;265;201;230;250;262;35
1586701751860;233;226;244;249;206;243;240;252;208;223;245;265;202;229;249;262;35
1586701751896;232;227;245;251;207;244;239;250;207;223;246;266;202;230;249;262;35
1586701751932;230;225;245;252;209;245;240;251;206;222;245;266;202;230;249;262;35
1586701751968;230;224;243;250;208;246;241;252;207;222;244;264;202;230;250;263;35
1586701752003;232;225;242;249;207;244;241;253;208;223;244;265;202;229;250;262;35
1586701752039;233;227;244;250;206;243;239;252;208;223;246;266;202;230;249;262;35
1586701752075;231;227;245;252;208;244;239;250;207;223;245;266;202;230;249;262;35
1586701752111;229;224;244;252;209;246;241;251;207;222;244;265;202;230;250;262;35
1586701752146;230;224;242;250;208;246;242;253;208;222;244;265;202;230;250;263;35
1586701752182;232;226;243;249;206;244;240;253;208;223;245;265;201;229;249;262;35
1586701752218;233;227;245;251;207;243;239;251;207;223;245;266;202;230;249;262;35
1586701752254;230;226;245;252;209;245;240;251;206;222;245;266;202;230;250;262;35
1586701752289;230;224;243;251;209;246;241;252;207;222;244;265;202;230;250;263;35
1586701752325;231;225;242;249;207;245;241;253;208;223;244;264;201;230;250;262;35
1586701752360;233;227;244;250;206;243;240;252;208;224;245;265;202;229;249;262;35
1586701752396;232;227;245;251;207;244;239;251;207;223;245;266;202;230;249;262;35
1586701752432;230;225;244;252;209;246;240;251;206;222;244;265;203;230;250;262;35
1586701752468;230;224;242;250;208;246;242;253;207;222;244;264;201;229;250;263;35
1586701752503;232;225;243;249;207;244;241;253;208;223;245;265;201;229;249;262;35
1586701752539;233;227;245;250;206;243;239;251;208;224;245;266;201;229;248;262;35
1586701752575;231;227;245;252;208;244;239;251;206;222;245;266;203;230;249;262;35
1586701752610;230;225;244;251;209;246;241;251;207;222;244;265;202;229;249;264;35
1586701752646;231;224;242;249;207;245;241;253;208;222;244;264;200;228;249;265;35
1586701752682;232;226;243;249;206;244;240;252;208;223;245;265;200;228;248;264;35
1586701752718;232;227;245;251;207;244;239;251;207;223;245;266;201;228;248;264;35
1586701752753;230;226;245;252;209;245;240;251;206;222;245;266;202;229;249;265;35
1586701752789;230;224;243;251;208;246;241;252;207;222;244;265;201;229;249;267;35
1586701752825;231;225;242;249;207;245;241;253;208;223;244;265;200;228;248;267;35
1586701752860;233;227;244;250;206;243;239;252;208;224;245;265;200;227;247;266;35
1586701752896;232;227;245;252;207;244;239;250;207;223;245;266;201;228;248;266;35
1586701752932;230;225;244;252;209;246;240;251;207;222;244;266;201;229;249;267;35
1586701752967;230;224;242;250;208;246;241;253;207;222;244;265;200;228;248;268;35
1586701753003;232;225;243;249;206;244;240;253;208;223;245;265;200;227;247;267;35
1586701753039;232;227;245;250;207;243;239;251;208;224;245;266;201;227;247;267;35
1586701753074;231;226;245;252;208;244;239;250;207;223;245;266;201;229;248;267;35
1586701753110;229;224;243;251;209;246;241;251;207;222;244;265;200;229;249;268;35
1586701753146;231;224;242;249;207;245;241;253;207;223;244;265;199;227;248;268;35
1586701753181;233;226;243;249;206;243;240;252;208;224;245;265;200;227;247;267;35
1586701753217;232;227;245;251;207;244;239;251;207;223;245;266;201;228;247;267;35
1586701753253;230;225;245;252;209;245;240;251;207;222;245;266;201;229;248;268;35
1586701753289;230;224;243;251;208;246;241;252;207;223;244;265;200;228;248;269;35
1586701753324;232;225;243;249;207;245;241;253;208;223;244;265;199;227;247;268;35
1586701753360;233;227;244;250;206;243;239;252;208;223;245;266;200;227;247;267;35
1586701753396;231;227;245;252;208;244;239;250;207;223;245;266;201;228;247;267;35
1586701753432;229;225;244;252;209;246;240;251;207;222;244;266;201;229;249;268;35
1586701753467;230;224;242;250;208;245;241;253;207;223;244;265;200;228;248;269;35
1586701753504;232;226;243;249;206;244;240;253;208;224;245;265;199;227;247;268;35
1586701753538;232;227;245;250;207;244;239;251;208;224;245;266;201;227;247;267;35
1586701753574;231;226;245;252;208;245;240;251;207;223;245;266;201;229;248;267;35
1586701753610;229;224;243;251;209;246;241;252;207;222;244;265;200;228;249;269;35
1586701753646;231;224;242;249;207;245;241;253;208;223;244;265;199;227;248;268;35
1586701753682;233;226;244;249;206;243;240;252;208;224;245;265;200;227;247;267;35
1586701753717;232;227;245;251;207;244;239;250;207;223;245;266;201;228;247;267;35
1586701753753;230;225;245;252;209;245;240;251;207;222;244;266;201;229;248;268;35
1586701753789;230;224;243;250;208;246;241;252;207;222;244;265;200;228;248;269;35
1586701753824;232;225;242;249;207;244;241;253;208;223;244;265;199;227;247;268;35
1586701753860;233;227;244;250;206;243;239;251;208;224;245;266;200;227;247;267;35
1586701753896;231;227;245;252;208;244;239;251;207;223;245;266;201;228;248;267;35
1586701753931;229;225;244;252;209;246;240;251;207;222;244;265;201;229;248;268;35
1586701753967;230;224;242;249;208;246;241;253;207;223;244;265;200;227;248;269;35
1586701754003;232;226;243;249;206;244;240;253;208;224;245;265;200;227;247;267;35
1586701754038;232;227;245;251;207;244;239;251;208;223;245;266;201;227;247;267;35
1586701754074;230;226;245;252;208;245;240;251;207;222;244;266;201;228;248;267;35
1586701754110;230;224;243;251;209;246;241;252;207;222;243;265;200;228;248;268;35
1586701754146;231;224;242;249;207;245;241;253;208;223;244;265;199;227;248;268;35
1586701754181;233;227;244;249;206;243;240;252;208;224;245;265;200;227;247;267;35
1586701754217;232;227;245;251;208;244;239;250;207;223;245;266;201;228;247;267;35
1586701754253;230;225;245;252;209;245;240;251;207;222;244;266;201;229;248;268;35
1586701754289;230;224;242;250;208;245;241;252;208;222;244;265;200;228;248;269;35
1586701754324;232;225;243;249;206;244;241;253;208;223;244;265;200;227;247;268;35
1586701754360;232;227;245;250;206;243;239;251;208;224;245;266;200;227;247;267;35
1586701754396;231;227;245;252;208;244;239;250;207;223;245;266;201;228;248;267;35
1586701754431;229;224;244;251;209;246;241;251;207;222;244;265;201;228;249;268;35
1586701754467;230;224;242;249;208;245;241;253;208;222;244;264;200;227;248;269;35
1586701754503;232;226;243;249;206;243;240;253;208;224;245;265;200;227;247;268;35
1586701754538;232;227;245;251;207;243;239;251;207;223;245;266;200;228;247;267;35
1586701754574;230;226;245;252;209;245;240;251;207;222;244;266;201;228;248;268;35
1586701754610;230;224;243;251;209;246;241;252;207;222;244;265;200;228;248;268;35
1586701754646;231;225;242;249;207;245;241;253;208;223;244;265;199;227;248;268;35
1586701754681;233;227;244;249;206;243;239;252;208;224;245;266;200;227;247;267;35
1586701754717;232;227;245;252;208;244;239;251;207;223;245;266;201;228;247;267;35
1586701754753;230;225;244;252;209;246;240;251;207;222;244;266;201;229;248;268;35
1586701754788;230;224;242;250;208;245;242;253;207;223;244;265;200;228;248;269;35
1586701754824;232;225;243;249;206;244;241;253;208;223;245;265;199;227;247;268;35
1586701754860;233;227;245;250;206;243;239;251;208;224;245;266;200;227;247;267;35
1586701754895;231;226;245;252;208;244;239;251;207;223;245;266;201;228;248;267;35
1586701754931;229;224;244;251;209;246;241;251;207;222;244;265;200;229;248;269;35
1586701754967;231;224;242;249;207;245;241;253;208;223;244;264;199;227;248;269;35
1586701755003;232;226;243;249;206;243;240;253;208;224;245;265;200;226;247;267;35
1586701755038;232;227;245;251;207;243;239;251;207;223;245;266;201;228;247;267;35
1586701755074;230;226;245;252;209;245;240;251;207;222;244;266;201;229;248;268;35
1586701755110;230;224;243;251;208;246;241;252;207;222;244;265;200;228;248;268;35
1586701755145;231;225;242;249;207;244;241;253;208;223;244;265;199;227;247;268;35
1586701755181;233;227;244;250;207;243;239;252;208;223;245;266;200;227;247;267;35
1586701755217;231;227;245;252;208;244;239;250;207;223;245;266;201;228;247;267;35
1586701755252;229;225;244;252;209;246;240;251;207;222;244;266;201;228;248;268;35
1586701755288;230;224;242;250;208;246;241;253;208;222;244;264;200;228;248;269;35
1586701755324;232;225;243;249;206;244;240;253;208;224;244;265;200;227;247;268;35
1586701755360;233;227;245;250;207;244;239;251;208;224;245;266;200;228;246;267;35
1586701755395;231;226;245;252;208;244;240;251;207;223;245;266;201;229;248;267;35
1586701755431;230;224;243;251;209;246;241;252;207;222;244;265;200;228;249;269;35
1586701755466;231;224;242;249;207;245;241;253;208;222;244;264;199;227;248;269;35
1586701755502;233;226;243;249;206;243;240;252;208;224;245;265;200;227;246;267;35
1586701755538;232;227;245;252;207;244;239;251;207;223;245;266;201;228;247;267;35
1586701755574;230;225;245;252;209;245;240;250;207;222;244;266;201;229;248;268;35
1586701755610;230;224;243;250;208;246;241;252;208;222;244;265;200;228;248;269;35
1586701755645;232;225;243;249;207;244;241;253;208;223;244;265;200;227;247;268;35
1586701755681;233;227;244;250;206;243;239;251;208;224;245;266;200;227;247;267;35
1586701755717;231;226;245;252;208;244;239;250;207;223;245;266;201;228;247;267;35
1586701755752;229;225;244;252;209;245;241;251;207;222;244;265;201;229;249;268;35
1586701755788;230;224;242;249;208;245;241;253;207;223;244;265;200;228;248;269;35
1586701755824;232;226;243;249;206;244;240;253;208;223;245;265;200;227;247;268;35
1586701755859;232;227;245;251;207;243;239;251;208;223;245;266;200;227;247;267;35
1586701755895;230;226;245;252;208;245;240;250;207;222;245;266;201;229;248;268;35
1586701755931;230;224;243;251;209;246;241;252;207;222;244;265;200;228;249;269;35
1586701755967;231;225;242;249;207;245;241;253;208;223;244;265;199;227;247;269;35
1586701756003;233;227;244;250;206;243;240;252;208;224;245;265;200;227;246;267;35
1586701756038;232;227;245;252;208;244;239;250;207;223;244;266;201;228;247;267;35
1586701756074;230;225;245;252;209;246;240;251;207;222;244;265;201;229;248;268;35
1586701756109;230;224;242;250;208;246;241;252;208;223;244;265;200;228;248;268;35
1586701756145;232;225;243;249;206;244;241;253;208;223;244;265;199;227;247;268;35
1586701756181;233;227;245;250;206;243;239;251;208;224;245;266;200;227;247;267;35
1586701756216;231;227;245;252;208;244;239;251;207;223;245;266;201;228;247;267;35
1586701756252;229;224;244;251;209;246;241;251;207;222;244;265;201;228;249;269;35
1586701756288;231;224;242;249;208;245;242;253;208;223;244;265;199;227;248;269;35
1586701756323;232;226;243;249;206;243;240;252;208;224;245;265;200;227;247;268;35
1586701756359;232;227;245;251;207;244;239;251;207;223;245;266;201;228;247;267;35
1586701756395;230;226;245;252;209;245;240;251;207;223;244;266;201;229;248;268;35
1586701756430;230;224;243;251;208;246;241;252;207;222;244;265;200;228;248;268;35
1586701756466;231;225;243;249;207;245;241;253;208;223;244;265;199;227;247;268;35
1586701756502;233;227;244;250;206;243;239;252;208;224;245;265;200;227;247;267;35
1586701756538;232;227;246;252;208;244;239;250;207;223;245;266;201;228;247;267;35
1586701756574;230;225;244;252;209;246;240;251;207;222;244;266;201;228;248;268;35
1586701756609;230;224;242;250;208;245;241;253;207;222;244;264;200;228;248;268;35
1586701756645;232;225;243;249;206;244;240;253;208;223;244;265;200;227;247;268;35
1586701756681;233;227;245;250;207;244;239;251;208;223;245;266;200;227;247;267;35
1586701756716;231;226;245;252;209;244;239;251;207;222;245;266;201;228;248;267;35
1586701756752;229;224;243;251;209;246;241;252;207;222;244;265;200;228;249;269;35
1586701756788;231;224;242;249;207;245;241;253;208;223;243;265;200;227;248;269;35
1586701756823;233;226;244;249;206;243;240;252;208;224;245;265;200;227;246;268;35
1586701756859;232;227;245;251;207;244;239;251;207;223;245;266;201;228;247;267;35
1586701756895;230;225;245;252;209;245;240;251;207;222;244;266;201;228;248;268;35
1586701756930;230;224;243;250;208;246;242;252;208;222;244;265;200;228;248;269;35
1586701756966;232;225;243;249;207;244;241;253;208;223;244;265;199;226;247;268;35
1586701757002;233;227;244;250;206;243;239;252;208;224;245;266;200;227;246;267;35
1586701757038;231;227;245;252;208;244;239;250;207;223;245;266;201;228;247;267;35
1586701757073;229;225;244;252;209;246;240;251;207;222;244;265;201;228;248;268;35
1586701757109;230;224;242;249;208;246;241;253;208;223;244;265;200;228;248;268;35
1586701757145;232;226;243;249;206;244;240;253;208;224;245;265;199;227;247;268;35
1586701757180;233;227;245;251;207;243;239;251;208;223;245;266;201;227;247;267;35
1586701757216;230;226;245;252;208;245;240;251;207;223;245;266;201;229;248;268;35
1586701757252;230;224;243;251;209;246;241;252;207;222;243;265;200;228;249;269;35
1586701757288;231;225;242;249;207;245;241;253;208;223;244;265;199;227;248;269;35
1586701757323;233;226;244;249;206;243;240;252;208;224;245;265;200;227;247;268;35
1586701757359;232;227;245;251;207;244;239;250;207;223;245;266;201;228;247;267;35
1586701757394;230;225;245;252;209;245;240;251;207;222;244;266;201;229;248;268;35
1586701757430;230;224;242;250;208;246;241;252;207;223;244;265;200;228;248;269;35
1586701757466;232;225;243;249;207;244;241;253;208;223;244;265;199;227;247;268;35
1586701757502;233;227;244;250;207;243;239;251;208;224;245;266;200;227;247;267;35
1586701757538;231;227;245;252;208;244;239;250;207;223;245;266;201;228;248;268;35
1586701757573;230;224;244;251;209;246;241;251;207;222;244;265;201;228;249;269;35
1586701757609;231;224;242;249;208;245;241;253;207;223;244;265;199;227;248;269;35
1586701757645;232;226;243;249;206;243;240;252;208;224;245;265;200;227;247;268;35
1586701757680;232;227;245;251;207;244;239;251;208;223;245;266;201;227;247;267;35
1586701757716;230;226;245;252;209;245;239;251;207;222;244;266;201;228;248;268;35
1586701757752;230;224;243;251;209;246;241;252;207;222;244;265;200;228;248;269;35
1586701757787;231;225;243;249;207;245;241;253;208;223;244;265;199;227;247;269;35
1586701757823;233;227;244;250;207;243;240;252;208;223;245;265;200;227;246;267;35
1586701757859;232;227;245;251;208;244;239;250;207;223;245;266;201;228;247;267;35
1586701757895;230;225;244;252;209;245;240;251;207;222;244;265;201;228;248;268;35
1586701757930;230;224;242;250;208;245;241;253;207;223;244;265;200;228;248;268;35
1586701757966;232;225;243;249;206;244;241;253;208;223;244;265;199;227;247;268;35
1586701758002;233;227;245;250;207;243;239;251;208;224;245;265;201;227;247;267;35
1586701758037;231;226;245;252;208;245;239;250;207;223;244;266;201;228;248;267;35
1586701758073;229;224;243;251;209;246;241;252;207;222;244;265;201;229;248;268;35
1586701758109;231;224;242;249;207;245;241;253;208;223;244;265;200;228;248;268;35
1586701758144;232;226;243;249;206;243;240;252;208;224;245;265;200;227;247;266;35
1586701758180;232;227;245;251;207;244;239;251;207;223;245;266;201;228;248;265;35
1586701758216;230;226;245;252;209;245;240;250;207;222;244;266;201;229;248;265;35
1586701758252;230;224;243;251;208;246;241;252;207;222;244;265;201;229;249;265;35
1586701758287;231;225;242;249;207;244;241;253;208;223;244;265;200;228;248;264;35
1586701758323;232;227;244;250;206;243;239;252;208;223;245;265;201;229;248;263;35
1586701758359;231;227;245;252;208;244;239;250;207;223;245;266;202;230;249;263;35
1586701758394;229;225;244;252;209;246;240;251;207;222;244;266;202;230;250;263;35
1586701758430;230;224;242;250;208;245;242;253;208;222;244;265;201;229;250;263;35
1586701758467;232;226;243;249;206;244;240;253;208;223;245;265;201;229;249;263;35
1586701758502;233;227;245;251;207;243;239;251;208;223;245;266;202;229;249;262;35
1586701758537;231;226;245;252;209;245;240;250;207;222;244;266;202;230;249;262;35
1586701758573;230;224;243;251;209;246;241;252;207;222;244;265;202;230;250;263;35
1586701758609;231;224;242;249;207;245;241;253;208;223;244;264;201;229;250;263;35
1586701758644;233;226;244;249;206;243;240;252;208;224;245;265;201;229;249;263;35
1586701758680;232;227;245;252;207;244;239;250;207;223;245;266;202;229;249;262;35
1586701758715;230;225;245;252;209;245;240;251;206;222;244;266;202;230;249;262;35
1586701758751;230;224;243;250;208;246;241;252;207;222;244;265;202;230;250;263;35
1586701758787;232;225;243;249;207;244;241;253;208;223;244;265;201;229;249;263;35
1586701758823;233;227;244;250;206;243;239;252;208;224;245;266;201;229;249;262;35
1586701758858;231;227;245;252;208;244;239;250;207;223;245;266;202;230;249;262;35
1586701758894;229;225;244;252;209;246;241;251;207;222;244;265;202;230;250;263;35
1586701758930;230;224;242;250;208;245;241;253;208;222;244;264;201;229;250;263;35
1586701758966;232;226;243;249;206;244;240;253;208;224;244;265;201;229;249;263;35
1586701759001;233;227;245;251;207;243;239;251;207;223;245;266;202;229;249;262;35
1586701759037;230;226;245;252;208;245;240;251;207;222;244;266;202;230;250;262;35
1586701759073;230;224;243;251;209;246;241;252;207;222;244;265;202;230;250;263;35
1586701759108;231;225;242;249;207;245;241;253;208;223;244;265;201;229;250;263;35
1586701759144;233;227;244;250;207;243;239;252;208;224;245;265;201;229;249;262;35
1586701759180;232;227;245;252;207;244;239;250;207;223;245;266;202;230;249;262;35
1586701759216;230;225;244;252;209;245;240;251;207;222;244;265;202;230;249;263;35
1586701759251;230;224;242;250;208;246;242;253;207;222;244;264;202;230;250;263;35
1586701759287;232;225;243;249;206;244;241;253;208;223;244;265;201;229;249;263;35
1586701759323;232;227;245;250;206;243;239;251;208;224;245;266;202;229;249;262;35
1586701759360;231;227;245;252;208;244;239;251;207;223;245;266;202;230;249;262;35
1586701759394;229;224;244;251;209;246;241;251;207;222;244;265;202;230;250;263;35
1586701759429;231;224;242;249;208;245;241;253;208;222;244;264;201;230;250;263;35
1586701759465;233;226;243;249;206;243;240;252;208;224;245;265;201;229;249;262;35
1586701759501;232;227;245;251;207;243;239;251;207;223;245;266;202;229;249;262;35
1586701759537;230;226;245;252;209;245;240;251;206;222;244;266;202;230;250;262;35
1586701759573;230;224;243;251;209;246;241;252;207;222;244;265;202;230;250;263;35
1586701759608;231;225;243;249;207;245;241;253;208;223;244;265;201;229;249;263;35
1586701759644;233;227;244;250;206;243;239;252;208;223;245;266;202;229;249;262;35
1586701759679;232;227;246;252;208;244;239;250;207;223;245;266;202;230;249;262;35
1586701759715;230;225;244;252;209;246;240;251;207;222;244;265;202;230;250;263;35
1586701759751;230;224;242;250;208;246;241;253;207;222;244;265;201;229;250;263;35
1586701759786;232;226;243;249;206;244;240;253;208;223;244;265;202;229;249;262;35
1586701759822;232;227;245;250;207;243;239;251;208;224;245;266;202;229;249;262;35
1586701759858;231;226;245;252;208;244;239;251;207;223;245;266;202;230;249;262;35
1586701759894;229;224;243;251;209;246;241;252;207;222;244;265;202;230;250;263;35
1586701759930;231;224;242;249;207;245;241;253;208;223;244;264;201;229;249;263;35
1586701759965;233;226;244;249;206;243;240;252;208;223;245;265;202;229;248;262;35
1586701760001;232;227;245;251;207;243;239;251;207;223;245;266;202;229;249;262;35
1586701760037;230;225;245;252;209;245;240;250;206;222;244;266;202;230;250;262;35
1586701760072;230;224;243;250;208;246;242;252;208;222;244;265;202;230;250;263;35
1586701760108;232;225;242;249;207;244;241;253;208;223;244;265;202;229;249;262;35
1586701760144;233;227;244;250;206;243;239;252;208;224;245;266;201;229;249;262;35
1586701760180;231;227;245;252;208;244;239;251;207;223;245;266;202;230;249;262;35
1586701760215;229;225;244;252;209;246;241;251;207;222;244;265;202;229;250;263;35
1586701760251;230;224;242;250;208;245;241;253;207;223;244;265;201;229;250;263;35
1586701760287;232;226;243;249;206;244;240;253;208;224;245;265;202;229;249;262;35
1586701760322;232;227;245;251;207;243;238;251;208;223;245;266;202;229;249;262;35
1586701760358;230;226;245;252;209;245;240;250;207;222;244;266;202;230;249;262;35
1586701760393;230;224;243;251;209;246;241;252;207;222;243;265;202;230;250;263;35
1586701760429;231;225;243;249;207;245;241;253;208;223;244;265;201;229;249;263;35
1586701760465;233;226;244;249;206;243;240;252;208;224;245;265;202;229;249;262;35
1586701760501;232;227;245;252;207;244;239;251;207;223;245;266;202;229;249;262;35
1586701760537;230;225;245;252;209;245;240;251;206;222;244;265;202;230;250;262;35
1586701760572;230;224;242;250;208;246;241;252;208;222;244;265;202;230;250;263;35
1586701760608;232;225;243;249;207;244;241;253;208;223;244;265;201;229;249;263;35
1586701760644;232;227;245;250;207;243;239;251;208;224;245;266;202;229;249;262;35
1586701760679;231;227;245;252;208;244;239;250;207;223;245;266;202;230;249;262;35
1586701760715;229;225;244;251;209;246;241;251;207;222;244;265;202;230;249;263;35
1586701760751;230;224;242;249;207;245;242;253;207;223;244;265;201;229;250;263;35
1586701760786;232;226;243;249;206;243;240;253;208;224;245;265;201;229;249;263;35
1586701760822;232;227;245;251;207;243;239;251;207;223;245;266;203;229;249;262;35
1586701760858;230;226;245;252;209;245;240;251;206;222;244;266;202;230;249;263;35
1586701760894;230;224;243;251;208;246;241;252;207;222;243;265;202;230;250;263;35
1586701760929;231;225;243;249;207;245;241;253;208;223;244;264;201;229;250;263;35
1586701760965;233;227;244;250;206;243;239;252;208;224;245;265;201;229;249;262;35
1586701761000;232;227;245;252;208;244;239;251;207;223;245;266;202;230;249;262;35
1586701761036;230;225;244;252;209;246;240;251;207;222;244;265;202;230;250;262;35
1586701761072;230;224;242;250;208;246;241;253;207;222;244;265;202;229;250;263;35
1586701761108;232;225;243;249;206;244;240;253;208;223;244;265;201;229;249;263;35
1586701761143;232;227;245;250;206;243;239;251;208;224;245;266;202;229;249;262;35
1586701761179;231;226;245;252;208;244;240;251;207;222;245;266;202;230;249;262;35
1586701761215;229;224;243;251;209;246;241;252;207;222;244;265;202;230;250;263;35
1586701761250;231;224;242;249;207;245;241;253;208;223;244;265;201;229;249;263;35
1586701761286;232;226;244;249;206;243;240;253;208;223;244;265;201;229;249;262;35
1586701761322;232;227;245;251;207;244;239;251;207;223;245;266;202;230;249;262;35
1586701761357;230;226;245;252;209;245;240;251;206;222;244;266;202;229;250;262;35
1586701761393;230;224;243;251;208;246;241;252;208;222;244;265;202;230;250;263;35
1586701761429;231;225;243;249;207;245;241;253;208;223;244;264;201;229;249;263;35
1586701761465;232;227;244;250;207;243;239;252;208;224;245;265;202;229;249;262;35
1586701761500;231;227;245;252;208;244;239;251;207;223;245;266;202;230;249;262;35
1586701761536;229;225;244;252;209;246;240;251;207;222;244;265;202;230;250;263;35
1586701761572;230;224;242;250;208;246;241;253;208;222;244;265;202;229;250;263;35
1586701761608;232;226;243;249;206;244;240;253;208;224;244;265;201;229;249;262;35
1586701761643;232;227;245;251;207;243;239;251;208;223;245;266;202;229;249;262;35
1586701761679;230;226;245;252;208;245;240;251;207;222;245;266;202;230;249;262;35
1586701761715;230;224;243;251;209;246;241;252;207;222;244;265;202;230;250;263;35
1586701761750;231;224;242;249;207;245;241;253;208;223;244;265;201;230;250;263;35
1586701761786;233;226;244;250;206;243;240;252;208;224;245;265;201;229;249;262;35
1586701761822;232;227;245;251;207;244;239;251;207;223;245;266;202;229;249;262;35
1586701761858;230;225;245;252;209;245;240;251;207;222;244;266;202;230;250;263;35
1586701761893;230;224;243;250;208;246;241;252;208;222;244;264;202;229;250;263;35
1586701761929;232;225;243;249;206;244;241;253;208;223;244;265;201;229;249;263;35
1586701761964;233;227;244;250;206;243;239;251;208;224;245;266;202;229;249;262;35
1586701762000;231;227;245;252;208;244;239;250;207;222;245;266;203;230;249;262;35
1586701762036;230;225;244;251;209;246;241;251;207;222;244;265;202;230;250;263;35
1586701762071;230;224;242;250;208;245;241;253;208;223;244;264;202;229;250;262;35
1586701762107;232;226;243;249;206;244;240;252;208;224;244;265;201;229;249;262;35
1586701762143;232;227;245;251;207;243;239;251;208;223;245;266;202;229;249;262;35
1586701762179;230;226;245;252;209;245;240;251;207;222;244;266;202;230;249;262;35
1586701762215;230;224;243;251;208;246;241;252;207;222;244;265;202;230;250;263;35
1586701762250;231;225;242;249;207;245;241;253;208;223;244;264;201;229;250;263;35
1586701762286;233;226;244;249;207;243;239;252;208;224;245;265;201;229;249;262;35
1586701762321;232;227;245;252;208;244;239;250;207;223;245;266;202;229;249;262;35
1586701762357;230;225;244;252;209;245;240;251;207;222;244;265;202;230;250;262;35
1586701762393;230;224;242;250;208;246;241;253;207;223;244;265;202;230;250;263;35
1586701762429;232;225;243;249;206;244;241;253;208;223;244;265;201;229;249;263;35
1586701762464;232;227;245;250;207;243;239;251;208;224;245;265;202;229;249;262;35
1586701762500;231;227;245;252;208;244;239;250;207;222;245;266;202;230;249;262;35
1586701762536;230;224;244;251;209;246;241;252;207;222;243;265;202;230;250;263;35
1586701762572;231;224;242;249;207;245;241;253;208;223;244;265;201;230;250;263;35
1586701762607;232;226;243;249;206;243;240;253;208;224;245;265;201;229;249;262;35
1586701762643;232;227;245;251;207;243;239;251;208;223;245;266;202;229;249;262;35
1586701762679;230;226;245;252;209;245;239;251;206;222;244;266;202;230;250;262;35
1586701762714;230;224;243;251;208;246;241;252;207;222;244;265;202;230;250;263;35
1586701762750;231;225;242;249;207;245;241;253;208;223;244;265;201;229;250;263;35
1586701762786;233;227;244;250;206;243;239;252;208;223;245;266;202;229;249;262;35
1586701762822;232;227;245;252;208;244;239;250;207;223;245;266;202;230;249;262;35
1586701762857;230;225;244;252;209;246;240;251;207;222;244;265;202;230;250;262;35
1586701762893;230;224;242;250;208;246;241;253;208;222;244;265;202;229;250;263;35
1586701762929;232;226;243;249;206;244;240;253;208;223;245;265;201;229;249;263;35
1586701762964;233;227;245;250;207;243;239;251;208;223;245;266;202;229;249;262;35
1586701763000;231;226;245;252;208;244;239;251;207;223;245;266;202;230;249;262;35
1586701763036;230;224;243;251;209;246;241;252;207;222;244;265;202;230;250;262;35
1586701763071;231;224;242;249;207;245;241;253;208;223;244;265;201;229;250;262;35
1586701763107;232;226;244;249;206;243;240;252;208;224;245;265;201;229;249;262;35
1586701763143;232;227;245;251;207;244;239;251;207;223;245;266;202;229;249;262;35
1586701763179;230;226;245;252;209;245;240;251;207;222;244;266;202;230;250;262;35
1586701763214;230;224;243;251;208;246;242;252;207;222;244;264;202;230;250;263;35
1586701763250;232;225;242;249;207;244;241;253;208;223;244;265;201;229;249;263;35
1586701763285;232;227;244;250;206;243;239;252;208;224;245;266;202;229;249;262;35
1586701763321;231;227;245;252;208;244;239;250;207;223;245;266;202;230;249;262;35
1586701763357;230;225;244;252;209;245;240;251;207;222;244;265;202;230;250;262;35
1586701763393;230;224;242;250;208;246;241;253;208;223;244;265;202;230;249;263;35
1586701763428;232;226;243;249;206;244;240;253;208;224;244;265;202;229;249;263;35
1586701763464;232;227;245;251;207;243;239;251;208;223;245;266;202;229;249;262;35
1586701763500;230;226;245;252;208;245;240;250;207;222;245;266;202;230;250;262;35
1586701763536;230;224;243;251;209;246;241;252;207;222;243;265;202;230;250;263;35
1586701763571;231;225;242;249;207;245;241;253;208;223;244;265;201;229;249;263;35
1586701763607;233;226;244;250;206;243;240;252;208;224;244;265;201;229;249;262;35
1586701763642;232;227;245;251;207;244;239;250;207;223;245;266;202;230;249;262;35
1586701763678;230;225;245;252;209;245;240;251;207;222;244;266;202;230;250;262;35
1586701763714;230;224;243;250;208;246;241;253;207;222;244;264;202;230;249;263;35
1586701763750;232;225;243;249;207;244;241;253;208;223;244;265;201;229;249;263;35
1586701763786;233;227;245;250;207;243;239;252;208;224;245;266;202;229;249;262;35
1586701763821;231;227;245;252;208;244;239;250;207;223;245;266;202;230;249;262;35
1586701763857;229;224;244;252;209;246;241;251;207;222;244;265;202;230;250;262;35
1586701763893;230;224;242;249;208;245;242;253;208;223;244;265;201;230;250;262;35
1586701763928;232;226;243;249;206;244;240;253;208;224;245;265;202;229;249;262;35
1586701763964;232;227;245;251;207;244;239;251;207;223;245;266;202;229;249;262;35
1586701763999;230;226;245;252;208;245;240;251;207;222;244;266;202;230;250;262;35
1586701764035;230;224;243;251;208;246;241;252;207;222;244;265;202;230;250;263;35
1586701764071;231;225;242;249;207;245;241;253;208;223;244;265;201;229;250;262;35
1586701764107;233;226;244;250;206;243;240;252;208;224;245;265;202;229;249;262;35
1586701764142;232;227;245;252;208;244;239;250;207;223;245;266;202;230;249;262;35
1586701764345;230;225;244;252;209;245;240;251;207;222;244;266;202;230;250;262;35
1586701764348;230;224;242;250;208;246;241;253;207;222;243;265;202;229;250;263;35
1586701764349;232;225;243;249;206;244;241;253;209;223;244;265;201;229;249;263;35
1586701764349;233;227;245;250;206;243;239;251;208;224;245;266;202;229;249;262;35
1586701764350;231;226;245;252;208;244;239;250;207;222;245;266;203;229;250;262;35
1586701764356;229;224;244;251;209;246;241;251;207;222;244;265;202;230;250;263;35
1586701764392;231;224;242;249;207;245;241;253;208;223;244;265;201;230;250;263;35
1586701764429;232;226;243;249;206;243;240;253;208;224;245;265;202;229;249;262;35
1586701764464;232;227;245;251;207;244;239;251;207;223;245;266;202;229;249;262;35
1586701764499;230;226;245;252;209;245;240;251;207;222;244;266;202;230;249;262;35
1586701764535;230;224;243;251;208;246;241;252;207;222;244;265;202;230;250;263;35
1586701764571;231;225;243;249;207;245;241;253;208;223;244;265;201;229;250;263;35
1586701764606;233;227;244;250;206;243;239;252;208;224;245;266;202;229;249;262;35
1586701764642;231;227;245;252;208;244;239;251;207;223;245;266;202;229;249;262;35
1586701764678;229;225;244;252;209;245;240;251;207;222;244;266;202;230;250;262;35
1586701764714;230;224;242;250;208;245;241;253;208;223;244;265;202;230;250;263;35
1586701764749;232;226;243;249;206;244;240;253;208;224;245;265;201;229;249;263;35
1586701764785;233;227;245;250;207;243;239;251;208;223;245;266;202;229;249;262;35
1586701764821;230;226;245;252;208;244;240;251;207;222;245;266;202;229;249;262;35
1586701764857;229;224;243;251;209;246;241;252;207;222;244;265;202;229;250;263;35
1586701764892;231;224;242;249;207;245;241;253;208;223;244;265;201;229;250;263;35
1586701764928;232;226;244;249;206;243;240;252;208;223;245;265;202;229;249;262;35
1586701764963;232;227;245;251;207;244;239;251;207;223;245;266;202;230;249;262;35
1586701764999;230;225;245;252;209;245;240;251;207;222;244;266;202;230;250;262;35
1586701765035;230;224;243;250;208;246;242;253;207;222;244;265;202;230;250;263;35
1586701765071;232;225;243;249;207;244;241;253;208;223;244;265;201;229;249;263;35
1586701765107;233;227;244;250;206;243;239;252;208;224;245;266;202;229;249;262;35
1586701765142;231;227;245;252;208;244;239;251;207;223;244;266;202;230;249;262;35
1586701765178;230;225;244;252;209;246;241;251;207;222;244;265;202;230;250;263;35
